{"name":"ea582e5e-b5fc-4f6f-bb0e-44bfba782b46","id":"/providers/Microsoft.Flow/flows/ea582e5e-b5fc-4f6f-bb0e-44bfba782b46","type":"Microsoft.Flow/flows","properties":{"apiId":"/providers/Microsoft.PowerApps/apis/shared_logicflows","displayName":"LMS_Tool-PDF_Flow-v1.0.0","definition":{"metadata":{"workflowEntityId":null,"processAdvisorMetadata":null,"flowChargedByPaygo":null,"flowclientsuspensionreason":"None","flowclientsuspensiontime":null,"flowclientsuspensionreasondetails":null,"creator":{"id":"32cd77ef-d75e-4cd9-a94f-cb6c83ed9120","type":"User","tenantId":"131170ef-848c-4ccb-8321-c414fae6dd55"},"provisioningMethod":"FromDefinition","failureAlertSubscription":true,"clientLastModifiedTime":"2025-02-10T01:18:04.7141647Z","connectionKeySavedTimeKey":"2025-02-10T01:18:04.7141647Z"},"$schema":"https://schema.management.azure.com/providers/Microsoft.Logic/schemas/2016-06-01/workflowdefinition.json#","contentVersion":"1.0.0.0","parameters":{"$connections":{"defaultValue":{},"type":"Object"},"$authentication":{"defaultValue":{},"type":"SecureObject"}},"triggers":{"manual":{"metadata":{"operationMetadataId":"583c99ff-231c-4457-81f1-d2bc8252a924"},"type":"Request","kind":"PowerAppV2","inputs":{"schema":{"type":"object","properties":{"text":{"title":"ID","type":"string","x-ms-dynamically-added":true,"description":"Please enter your input","x-ms-content-hint":"TEXT"},"text_1":{"title":"JsonColDeal","type":"string","x-ms-dynamically-added":true,"description":"Please enter your input","x-ms-content-hint":"TEXT"},"text_3":{"title":"JsonColLead","type":"string","x-ms-dynamically-added":true,"description":"Please enter your input","x-ms-content-hint":"TEXT"}},"required":["text","text_1","text_3"]}}}},"actions":{"Create_file":{"runAfter":{"Compose_4":["Succeeded"]},"metadata":{"operationMetadataId":"02e370b2-630a-4607-8d88-052202a745ad"},"type":"OpenApiConnection","inputs":{"host":{"apiId":"/providers/Microsoft.PowerApps/apis/shared_onedriveforbusiness","connectionName":"shared_onedriveforbusiness","operationId":"CreateFile"},"parameters":{"folderPath":"/DealsPDF","name":"@{triggerBody()['text']}.html","body":"@outputs('Compose_4')"},"authentication":{"value":"@json(decodeBase64(triggerOutputs().headers['X-MS-APIM-Tokens']))['$ConnectionKey']","type":"Raw"}},"runtimeConfiguration":{"contentTransfer":{"transferMode":"Chunked"}}},"Convert_file":{"runAfter":{"Create_file":["Succeeded"]},"metadata":{"operationMetadataId":"13897274-bcc2-4024-b82e-0f5b1fd8c830"},"type":"OpenApiConnection","inputs":{"host":{"apiId":"/providers/Microsoft.PowerApps/apis/shared_onedriveforbusiness","connectionName":"shared_onedriveforbusiness","operationId":"ConvertFile"},"parameters":{"id":"@outputs('Create_file')?['body/Id']","type":"PDF"},"authentication":{"value":"@json(decodeBase64(triggerOutputs().headers['X-MS-APIM-Tokens']))['$ConnectionKey']","type":"Raw"}}},"Create_file_2":{"runAfter":{"Convert_file":["Succeeded"]},"metadata":{"operationMetadataId":"5d054f66-ab94-4b64-b427-3bbd9b985870"},"type":"OpenApiConnection","inputs":{"host":{"apiId":"/providers/Microsoft.PowerApps/apis/shared_sharepointonline","connectionName":"shared_sharepointonline","operationId":"CreateFile"},"parameters":{"dataset":"https://unistarcreditph.sharepoint.com","folderPath":"/Deals_PDFLogs","name":"@{triggerBody()['text']}-@{formatDateTime(utcNow(),'dd-MM-yyyy ss')}.pdf","body":"@body('Convert_file')"},"authentication":{"value":"@json(decodeBase64(triggerOutputs().headers['X-MS-APIM-Tokens']))['$ConnectionKey']","type":"Raw"}},"runtimeConfiguration":{"contentTransfer":{"transferMode":"Chunked"}}},"Compose_2":{"runAfter":{"Create_file_2":["Succeeded"]},"metadata":{"operationMetadataId":"5788ce90-46f7-4548-9ff7-09c464e540e9"},"type":"Compose","inputs":"Name : @{outputs('Create_file_2')?['body/Name']}\n\nPath: @{outputs('Create_file_2')?['body/Path']}\n\nFileLocator : @{outputs('Create_file_2')?['body/FileLocator']}"},"Get_file_properties":{"runAfter":{"Compose_2":["Succeeded"]},"metadata":{"operationMetadataId":"8b006fc2-ccda-4e0f-a7f6-a5ca36dff819"},"type":"OpenApiConnection","inputs":{"host":{"apiId":"/providers/Microsoft.PowerApps/apis/shared_sharepointonline","connectionName":"shared_sharepointonline","operationId":"GetFileItem"},"parameters":{"dataset":"https://unistarcreditph.sharepoint.com","table":"2d0f66e3-1270-4c4a-833e-7d036eb1bf16","id":"@outputs('Create_file_2')?['body/ItemId']"},"authentication":{"value":"@json(decodeBase64(triggerOutputs().headers['X-MS-APIM-Tokens']))['$ConnectionKey']","type":"Raw"}}},"Respond_to_a_Power_App_or_flow":{"runAfter":{"Compose_3":["Succeeded"]},"metadata":{"operationMetadataId":"747aefa1-a482-4922-9d71-c408a5e24d78"},"type":"Response","kind":"PowerApp","inputs":{"statusCode":200,"body":{"pdf_link":"@{outputs('Compose_3')}"},"schema":{"type":"object","properties":{"pdf_link":{"title":"PDF_Link","x-ms-dynamically-added":true,"type":"string"}}}}},"Compose_3":{"runAfter":{"Get_file_properties":["Succeeded"]},"metadata":{"operationMetadataId":"e7eda574-e4c1-4876-9780-cce50c329d08"},"type":"Compose","inputs":"@outputs('Get_file_properties')?['body/{Link}']"},"Get_JSON_Entries":{"actions":{"Compose_:_JSONColLead":{"runAfter":{},"metadata":{"operationMetadataId":"e70b3722-9ad2-475a-8195-9185e0c7d5a7"},"type":"Compose","inputs":"@triggerBody()['text_3']"},"Parse_JSON_:_Lead":{"runAfter":{"Compose_:_JSONColLead":["Succeeded"]},"metadata":{"operationMetadataId":"d5dca906-9ff3-4d45-bef0-2fd64438dac6"},"type":"ParseJson","inputs":{"content":"@outputs('Compose_:_JSONColLead')","schema":{"type":"object","properties":{"AFP":{"type":"string"},"ApprovedIn":{"type":"string"},"Author":{"type":"object","properties":{"Claims":{"type":"string"},"Department":{},"DisplayName":{"type":"string"},"Email":{"type":"string"},"JobTitle":{}}},"Barangay_x002f_District":{"type":"string"},"Branch":{"type":"string"},"Branch0":{"type":"string"},"CRM_CustomerGroup":{"type":"string"},"CRM_LeadCRC_ID":{"type":"string"},"City":{"type":"string"},"CivilStatus":{"type":"string"},"Civil_Status":{"type":"string"},"CountryCode":{"type":"string"},"Created":{"type":"string"},"DeclaredNetIncome":{"type":"string"},"Editor":{"type":"object","properties":{"Claims":{"type":"string"},"Department":{},"DisplayName":{"type":"string"},"Email":{"type":"string"},"JobTitle":{}}},"EducationAttainment":{"type":"string"},"EffectiveDate":{"type":"string"},"Email":{"type":"string"},"FinalApproval":{"type":"string"},"FirstName":{"type":"string"},"Gender":{"type":"string"},"HomeOwnerStatus":{"type":"string"},"ID":{"type":"integer"},"ID_Type":{"type":"string"},"Industry":{"type":"string"},"Industry0":{"type":"string"},"IsComplete":{"type":"string"},"LandlineNo":{"type":"string"},"LeadDate":{"type":"string"},"LeadOwner":{"type":"string"},"LeadOwner0":{"type":"string"},"LeadSource0":{"type":"string"},"LeadStatus0":{"type":"string"},"MobileNo":{"type":"string"},"Modified":{"type":"string"},"MonthlyIncome":{"type":"string"},"Municipality":{"type":"string"},"Occupation":{"type":"string"},"Province":{"type":"string"},"PurposeOfLoan":{"type":"string"},"Region":{"type":"string"},"Region0":{"type":"string"},"SocialMediaAccount":{"type":"string"},"SourceIncome":{"type":"string"},"SourceIncome0":{"type":"string"},"SourceOfIncomeProfile":{"type":"string"},"StartDate":{"type":"string"},"Title":{"type":"string"},"YearsOfEmployment":{"type":"string"},"{FilenameWithExtension}":{"type":"string"},"{FullPath}":{"type":"string"},"{HasAttachments}":{"type":"boolean"},"{Identifier}":{"type":"string"},"{IsFolder}":{"type":"boolean"},"{Link}":{"type":"string"},"{Name}":{"type":"string"},"{Path}":{"type":"string"},"{Thumbnail}":{"type":"object","properties":{"Large":{},"Medium":{},"Small":{}}},"{VersionNumber}":{"type":"string"}}}}},"Compose_:_JSONColDeal":{"runAfter":{"Parse_JSON_:_Lead":["Succeeded"]},"metadata":{"operationMetadataId":"c3adc92d-3d2b-4ac1-8f24-9f21744f7ac8"},"type":"Compose","inputs":"@triggerBody()['text_1']"},"Parse_JSON":{"runAfter":{"Compose_:_JSONColDeal":["Succeeded"]},"metadata":{"operationMetadataId":"81d01682-436e-4199-b975-59cfbc171251"},"type":"ParseJson","inputs":{"content":"@outputs('Compose_:_JSONColDeal')","schema":{"type":"object","properties":{"AssetID":{"type":"integer"},"AssetType":{"type":"string"},"Author":{"type":"object","properties":{"Claims":{"type":"string"},"Department":{},"DisplayName":{"type":"string"},"Email":{"type":"string"},"JobTitle":{}}},"Branch":{"type":"string"},"Branch0":{"type":"string"},"CampaignSource":{"type":"string"},"ChassisNo":{"type":"string"},"ContactName":{"type":"string"},"Created":{"type":"string"},"DealOwner":{"type":"string"},"DealOwner0":{"type":"string"},"DealersName":{"type":"integer"},"Discount":{"type":"string"},"DownPayment":{"type":"string"},"DownPaymentRate":{"type":"integer"},"Editor":{"type":"object","properties":{"Claims":{"type":"string"},"Department":{},"DisplayName":{"type":"string"},"Email":{"type":"string"},"JobTitle":{}}},"EngineNo":{"type":"string"},"FIS_Response":{"type":"string"},"FinanceAmount":{"type":"string"},"FullDetails":{"type":"string"},"ID":{"type":"integer"},"LeadID_No":{"type":"string"},"LeadID_Ref":{"type":"string"},"LoanNo_x002e__x002f_ApplicationI":{"type":"string"},"Modified":{"type":"string"},"ProcessingFee":{"type":"string"},"ProductID":{"type":"integer"},"PartyIDAndContract":{"type":"string"},"SRP":{"type":"integer"},"SalesType":{"type":"string"},"Stage":{"type":"string"},"Stage0":{"type":"string"},"Terms":{"type":"string"},"Terms0":{"type":"string"},"Title":{"type":"string"},"{FilenameWithExtension}":{"type":"string"},"{FullPath}":{"type":"string"},"{HasAttachments}":{"type":"boolean"},"{Identifier}":{"type":"string"},"{IsFolder}":{"type":"boolean"},"{Link}":{"type":"string"},"{Name}":{"type":"string"},"{Path}":{"type":"string"},"{Thumbnail}":{"type":"object","properties":{"Large":{},"Medium":{},"Small":{}}},"{VersionNumber}":{"type":"string"}}}}}},"runAfter":{},"metadata":{"operationMetadataId":"40b8c2cb-ee06-4e99-96cf-7860e83f8a46"},"type":"Scope"},"Compose_4":{"runAfter":{"Get_JSON_Entries":["Succeeded"]},"metadata":{"operationMetadataId":"aaff8cdb-17df-4d1c-9ecb-09bebae286c7"},"type":"Compose","inputs":"<meta name=\"viewport\" content=\"width=100, initial-scale=1.0\">\n<h2 style=\"color:red;text-align:center;\"><u>LDS PDF GENERATED QUOTE/DEAL</u></h2>\n<div style=\"display:flex;justify-content:space-between;margin-left:40px;margin-top:30px;\">\n    <div style=\"flex:1;padding-right:10px;\">\n        <p style=\"font-size:16pt;\"><strong>@{body('Parse_JSON_:_Lead')?['FirstName']} @{body('Parse_JSON_:_Lead')?['Gender']}  @{body('Parse_JSON_:_Lead')?['CivilStatus']}</strong></p>\n    </div>\n    <div style=\"flex:1;padding-left:50px;\">\n        <p style=\"font-size:16pt;\"><strong>@{body('Parse_JSON')?['Title']}</strong></p>\n    </div>\n</div><div style=\"margin-left:50px;\">\n<table style=\"width:50%; font-size:14px;\">\n<tr>    \n    <td><p>Current State&nbsp; &nbsp;</p></td>    \n    <td><p><strong>@{body('Parse_JSON')?['Stage0']}</strong></p>\n    </td> \n  </tr>\n  <tr>    \n    <td></td>    \n    <td><strong>@{body('Parse_JSON_:_Lead')?['Region0']}</strong>\n    </td> \n  </tr>\n</table>\n</div>\n<p style=\"font-size:16pt;margin-left:40px;text-align:justify;\">Detail 1</p>\n<div style=\"margin-left:50px;\">\n<table style=\"width:50%; font-size:14px;\">\n<tr>    \n    <td><p>State&nbsp; &nbsp;</p></td>    \n    <td><p><strong>@{body('Parse_JSON')?['Stage0']}</strong></p>\n    </td> \n  </tr>\n  <tr>    \n    <td><p>Closing Date</p></td>    \n    <td><strong>@{body('Parse_JSON')?['Stage']}</strong>\n    </td> \n  </tr>\n  <tr>    \n    <td><p>Approved In</p></td>    \n    <td><strong>@{body('Parse_JSON_:_Lead')?['ApprovedIn']}</strong>\n    </td> \n  </tr>\n</table>\n</div>\n<p style=\"font-size:16pt;margin-left:40px;text-align:justify;\">Deal Details</p>\n<div style=\"margin-left:50px;\">\n<table style=\"width:100%; font-size:14px;\">\n  <tr>    \n    <td><p>FIS Contract ID&nbsp; &nbsp;</p></td>    \n    <td><p><strong>@{body('Parse_JSON')?['PartyIDAndContract']}</strong></td> \n  </tr>\n  <tr>    \n    <td> <p>Deal Name&nbsp; &nbsp;</p></td>    \n    <td ><p><strong>@{body('Parse_JSON')?['AssetType']}</strong></p></td> \n    <td></td>\n    <td> <p>Stage&nbsp; &nbsp;</p></td>    \n    <td ><p><strong>@{body('Parse_JSON')?['Stage0']}</strong></p></td>\n  </tr>\n   <tr>    \n    <td><p>Motorcycle Condition&nbsp; &nbsp;</p></td>    \n    <td><p><strong>@{body('Parse_JSON')?['ContactName']}</strong></td> \n    <td></td>\n    <td><p>Discount&nbsp; &nbsp;</p></td>    \n    <td><p><strong>@{body('Parse_JSON')?['Discount']}</strong></td> \n  </tr>\n  <tr>    \n    <td> <p>Asset Type&nbsp; &nbsp;</p></td>    \n    <td ><p><strong>@{body('Parse_JSON')?['SalesType']}</strong></p></td> \n    <td></td>\n    <td><p>Discount Payment Rate&nbsp; &nbsp;</p></td>    \n    <td><p><strong>@{body('Parse_JSON')?['DownPaymentRate']}</strong></td> \n  </tr>\n  <tr>    \n    <td> <p>Effective Date&nbsp; &nbsp;</p></td>    \n    <td ><p><strong>@{body('Parse_JSON_:_Lead')?['EffectiveDate']}</strong></p></td>\n    <td></td>\n    <td><p>DownPayment&nbsp; &nbsp;</p></td>    \n    <td><p><strong>@{body('Parse_JSON')?['DownPayment']}</strong></td> \n  </tr>\n  <tr>    \n    <td> <p>Closing Date&nbsp; &nbsp;</p></td>    \n    <td ><p><strong>@{body('Parse_JSON')?['Stage']}</strong></p></td> \n    <td></td>\n    <td><p>Processing Fee&nbsp; &nbsp;</p></td>    \n    <td><p><strong>@{body('Parse_JSON')?['ProcessingFee']}</strong></td> \n  </tr>\n  <tr>    \n    <td> <p>Contact Name&nbsp; &nbsp;</p></td>    \n    <td ><p><strong>@{body('Parse_JSON')?['DealOwner']}</strong></p></td>\n    <td></td>\n    <td><p>Finance Amount&nbsp; &nbsp;</p></td>    \n    <td><p><strong>@{body('Parse_JSON')?['FinanceAmount']}</strong></td> \n  </tr>\n  <tr>    \n    <td> <p>Sale Type&nbsp; &nbsp;</p></td>    \n    <td ><p><strong>@{body('Parse_JSON')?['Terms']}</strong></p></td> \n    <td></td>\n    <td><p>Loan No./Application ID No.&nbsp; &nbsp;</p></td>    \n    <td><p><strong>@{body('Parse_JSON')?['LoanNo_x002e__x002f_ApplicationI']}</strong></td> \n  </tr>\n  <tr>    \n    <td> <p>Campaig Source&nbsp; &nbsp;</p></td>    \n    <td ><p><strong>@{body('Parse_JSON')?['CampaignSource']}</strong></p></td> \n    <td></td>\n    <td><p>Deal Owner&nbsp; &nbsp;</p></td>    \n    <td><p><strong>@{body('Parse_JSON')?['DealOwner0']}</strong></td> \n  </tr>\n  <tr>\n        <td><p>Dealers Name&nbsp; &nbsp;</p></td>       \n        <td><p><strong>@{body('Parse_JSON')?['DealersName']}</strong></p></td>\n        <td></td>\n        <td><p>SRP&nbsp; &nbsp;</p></td>    \n    <td><p><strong>@{body('Parse_JSON')?['SRP']}</strong></td> \n </tr> \n  <tr>\n        <td><p >Branch&nbsp; &nbsp;</p></td>       \n        <td> <p><strong>@{body('Parse_JSON_:_Lead')?['Branch0']}</strong></p></td>\n        <td></td>\n         <td><p>Term&nbsp; &nbsp;</p></td>    \n    <td><p><strong>@{body('Parse_JSON')?['Terms0']}</strong></td> \n </tr>\n <tr>\n        <td> <p>FIS Response&nbsp; &nbsp;</p>  </td>   \n        <td> <p><strong>@{body('Parse_JSON')?['FIS_Response']}</strong></p></td> \n</tr> \n</table>\n</div>\n\n<p><br><br><br>&nbsp;</p>\n<p style=\"text-align:center;\"><strong>Automated PDF</strong></p>"}}},"connectionReferences":{"shared_onedriveforbusiness":{"connectionName":"shared-onedriveforbu-d57136dc-9b81-4314-9773-390ffd4e8d34","source":"Invoker","id":"/providers/Microsoft.PowerApps/apis/shared_onedriveforbusiness","tier":"NotSpecified","apiName":"onedriveforbusiness"},"shared_sharepointonline":{"connectionName":"3fabbf6208b842feafe4256fa1d96f31","source":"Invoker","id":"/providers/Microsoft.PowerApps/apis/shared_sharepointonline","tier":"NotSpecified","apiName":"sharepointonline"}},"flowFailureAlertSubscribed":false,"isManaged":false}}