{"name":"3e26f9f2-f421-437a-a9ac-ac4247c147cd","id":"/providers/Microsoft.Flow/flows/3e26f9f2-f421-437a-a9ac-ac4247c147cd","type":"Microsoft.Flow/flows","properties":{"apiId":"/providers/Microsoft.PowerApps/apis/shared_logicflows","displayName":"LMS_Tool-CreateDeal_Flow-v1.0.0","definition":{"metadata":{"workflowEntityId":null,"processAdvisorMetadata":null,"flowChargedByPaygo":null,"flowclientsuspensionreason":"None","flowclientsuspensiontime":null,"flowclientsuspensionreasondetails":null,"creator":{"id":"32cd77ef-d75e-4cd9-a94f-cb6c83ed9120","type":"User","tenantId":"131170ef-848c-4ccb-8321-c414fae6dd55"},"provisioningMethod":"FromDefinition","failureAlertSubscription":true,"clientLastModifiedTime":"2025-02-09T23:53:00.5245751Z","connectionKeySavedTimeKey":"2025-02-09T23:53:00.5245751Z"},"$schema":"https://schema.management.azure.com/providers/Microsoft.Logic/schemas/2016-06-01/workflowdefinition.json#","contentVersion":"1.0.0.0","parameters":{"$connections":{"defaultValue":{},"type":"Object"},"$authentication":{"defaultValue":{},"type":"SecureObject"}},"triggers":{"manual":{"metadata":{"operationMetadataId":"aeb082d8-7962-439d-afca-208bc8aebc8f"},"type":"Request","kind":"PowerAppV2","inputs":{"schema":{"type":"object","properties":{"text":{"title":"ID","type":"string","x-ms-dynamically-added":true,"description":"Please enter your input","x-ms-content-hint":"TEXT"},"text_1":{"title":"JSON_Deal","type":"string","x-ms-dynamically-added":true,"description":"Please enter your input","x-ms-content-hint":"TEXT"},"text_2":{"title":"JSON_Lead","type":"string","x-ms-dynamically-added":true,"description":"Please enter your input","x-ms-content-hint":"TEXT"}},"required":["text","text_1","text_2"]}}}},"actions":{"Compose_:_ID":{"runAfter":{"Initialize_variable_6":["Succeeded"]},"metadata":{"operationMetadataId":"8531612d-fb62-4583-90a0-a6b78ed7e894"},"type":"Compose","inputs":"@triggerBody()['text']"},"Scope_:_Create_Deal_Party":{"actions":{"Scope_:_Try_Create_Deal":{"actions":{"Parse_JSON_3":{"runAfter":{"Apply_to_each":["Succeeded"]},"metadata":{"operationMetadataId":"098ee6c7-fa9a-4973-851f-966ce4999872"},"type":"ParseJson","inputs":{"content":"@body('HTTP')","schema":{"type":"array","items":{"type":"object","properties":{"isSuccess":{"type":"boolean"},"Message":{"type":"string"},"Data":{"type":"array","items":{"type":"object","properties":{"Errors":{},"PartyId":{"type":"string"},"PartyNo":{"type":"string"},"ContractId":{},"AmtFinanced":{},"Downpayment":{},"DownPaymentPercent":{},"EngineNo":{},"ChassisNo":{}},"required":["Errors","PartyId","PartyNo","ContractId","AmtFinanced","Downpayment","DownPaymentPercent","EngineNo","ChassisNo"]}}},"required":["isSuccess","Message","Data"]}}}},"Apply_to_each":{"foreach":"@outputs('Get_items_:_Deals')?['body/value']","actions":{"HTTP":{"runAfter":{},"metadata":{"operationMetadataId":"cc23d8e2-794b-4b62-9438-ddde4e1d6104"},"type":"Http","inputs":{"method":"POST","uri":"http://fortivpn.scinnova.com.ph:52001/Service/FIS/PartyCreation","body":{"Party":{"Gender":"@{body('Parse_JSON_:_Lead')?['Branch']}","Effective_Date":"@{body('Parse_JSON_:_Lead')?['EffectiveDate']}","Source_of_Income_Profile":"@{body('Parse_JSON_:_Lead')?['SourceIncome0']}","City":"@{body('Parse_JSON_:_Lead')?['City']}","id":"@{variables('varID_CRM')}","FIS_Party_ID":"","Province":"@{body('Parse_JSON_:_Lead')?['City_x002f_Municipality']}","State":"@{body('Parse_JSON_:_Lead')?['Region0']}","Municipality":"@{body('Parse_JSON_:_Lead')?['Province']}","Middle_Name":"@{body('Parse_JSON_:_Lead')?['Gender']}","Birth_Day":"@{body('Parse_JSON_:_Lead')?['ID_Type']}","Email":"@{body('Parse_JSON_:_Lead')?['Email']}","Occupancy_Status":"@{body('Parse_JSON_:_Lead')?['HomeOwnerStatus']}","Sourcing_Type":"External Agent","Marital_Status":"@{body('Parse_JSON_:_Lead')?['Civil_Status']}","House_No_Bldg_Blk_Lot_Street_Avenue":"@{body('Parse_JSON_:_Lead')?['Industry']}","First_Name":"@{body('Parse_JSON_:_Lead')?['FirstName']}","Mobile_No":"@{body('Parse_JSON_:_Lead')?['Title']}","Branch":"@{body('Parse_JSON_:_Lead')?['Branch0']}","Last_Name":"@{body('Parse_JSON_:_Lead')?['CivilStatus']}","Educational_Attainment":"@{body('Parse_JSON_:_Lead')?['EducationAttainment']}","Landline_No":"","Barangay_District":"@{body('Parse_JSON_:_Lead')?['Barangay_x002f_District']}","Suffix":0,"Social_Media_Account":"@{body('Parse_JSON_:_Lead')?['SocialMediaAccount']}","PassportNo":"","NationalNo":"","TaxNo":"","DriversLicenseNo":"","PreferredContactMethod":"PhoneMobile"},"Contract":{"Branch1":"@{body('Parse_JSON_:_Lead')?['Branch0']}"},"Others":{"CRM_Contact_ID":"@{variables('varID_CRM')}","No_of_Dependents":"0","Educational_Attainment":"@{body('Parse_JSON_:_Lead')?['EducationAttainment']}","TaxNo":"000000000","Source_of_Income_Profile":"@{body('Parse_JSON_:_Lead')?['SourceIncome0']}","Declared_Net_Income":"@{body('Parse_JSON_:_Lead')?['MonthlyIncome']}","Occupation":"@{body('Parse_JSON_:_Lead')?['Occupation']}","Start_Date_Employment":"@{body('Parse_JSON_:_Lead')?['StartDate']}","UMID":"","PagIbig":"","Postal":"","PRC":"","PhilHealth":"","VotersID":"","NationalID":""}},"authentication":{"type":"Basic","username":"appconnect","password":"@@ppc0nnect1234"}}},"Set_variable_3":{"runAfter":{"HTTP":["Succeeded","Failed"]},"metadata":{"operationMetadataId":"24a8a7b1-dfcd-4f29-b687-dae5e2e78524"},"type":"SetVariable","inputs":{"name":"varJSON_Deal_Existing","value":"@{body('HTTP')}"}},"Condition_3":{"actions":{"Set_variable_9":{"runAfter":{},"metadata":{"operationMetadataId":"416e1328-de22-4f4d-8417-57b703319e44"},"type":"SetVariable","inputs":{"name":"varCreateContract_Direct","value":"@{body('Parse_JSON_:_-eq_success_create_party')}"}}},"runAfter":{"Parse_JSON_:_-eq_success_create_party":["Succeeded"]},"expression":{"equals":["@body('Parse_JSON_:_-eq_success_create_party')?['isSuccess']",true]},"metadata":{"operationMetadataId":"ecc98767-ca8f-4b5e-ba84-602175b68863"},"type":"If"},"Parse_JSON_:_-eq_success_create_party":{"runAfter":{"Set_variable_3":["Succeeded"]},"metadata":{"operationMetadataId":"036cc899-03a7-4d23-a8da-f170a8ef74a4"},"type":"ParseJson","inputs":{"content":"@variables('varJSON_Deal_Existing')","schema":{"type":"object","properties":{"isSuccess":{"type":"boolean"},"Message":{"type":"string"},"Data":{"type":"array","items":{"type":"object","properties":{"Errors":{},"PartyId":{"type":"string"},"PartyNo":{"type":"string"},"ContractId":{},"AmtFinanced":{},"Downpayment":{},"DownPaymentPercent":{},"EngineNo":{},"ChassisNo":{}},"required":["Errors","PartyId","PartyNo","ContractId","AmtFinanced","Downpayment","DownPaymentPercent","EngineNo","ChassisNo"]}}}}}}},"runAfter":{},"metadata":{"operationMetadataId":"63cd6be8-0b6a-461b-aee2-fb8890607bad"},"type":"Foreach"},"Parse_JSON_5":{"runAfter":{"Apply_to_each_6":["Failed"]},"metadata":{"operationMetadataId":"92800cde-4dfc-4a99-b04e-8d01dc0932e7"},"type":"ParseJson","inputs":{"content":"@variables('varJSON_Deal_Existing')","schema":{"type":"object","properties":{"isSuccess":{"type":"boolean"},"Message":{"type":"string"},"Data":{"type":"array","items":{"type":"object","properties":{"Errors":{"type":"string"},"PartyId":{},"PartyNo":{},"ContractId":{},"AmtFinanced":{},"Downpayment":{},"DownPaymentPercent":{},"EngineNo":{},"ChassisNo":{}},"required":["Errors","PartyId","PartyNo","ContractId","AmtFinanced","Downpayment","DownPaymentPercent","EngineNo","ChassisNo"]}}}}}},"Condition_2":{"actions":{"Apply_to_each_4":{"foreach":"@body('Parse_JSON_5')?['Data']","actions":{"Compose":{"runAfter":{},"metadata":{"operationMetadataId":"3d9ced05-406a-4636-9a87-8a6910a3c224"},"type":"Compose","inputs":"@items('Apply_to_each_4')?['Errors']"},"Set_variable_6":{"runAfter":{"Compose":["Succeeded"]},"metadata":{"operationMetadataId":"ce2ef4a0-ca5c-4841-96ab-d18922104bdd"},"type":"SetVariable","inputs":{"name":"varArray","value":"@split(outputs('Compose'),' ')"}},"Set_variable_8":{"runAfter":{"Compose_4":["Succeeded"]},"metadata":{"operationMetadataId":"276b4a6e-46ec-4c5c-9e05-68c0e1521dff"},"type":"SetVariable","inputs":{"name":"varPartyID","value":"@{outputs('Compose_4')}"}},"Compose_4":{"runAfter":{"Set_variable_6":["Succeeded"]},"metadata":{"operationMetadataId":"4a8b45af-07ef-477c-9ea2-f177a6d00c62"},"type":"Compose","inputs":"@variables('varArray')[13]"}},"runAfter":{},"metadata":{"operationMetadataId":"a3a85a37-45ac-4059-9cd0-76e512fa285e"},"type":"Foreach"},"Set_variable_7":{"runAfter":{"Apply_to_each_4":["Succeeded"]},"metadata":{"operationMetadataId":"326faec2-dab9-49e6-adf9-ab79d6f3022c"},"type":"SetVariable","inputs":{"name":"varCondition","value":false}}},"runAfter":{"Apply_to_each_5":["Succeeded"]},"else":{"actions":{"Parse_JSON":{"runAfter":{},"metadata":{"operationMetadataId":"055308e5-ca63-4b41-9d13-4385e28f4dc6"},"type":"ParseJson","inputs":{"content":"@variables('varJSON_Deal_Existing')","schema":{"type":"array","items":{"type":"object","properties":{"Errors":{},"PartyId":{"type":"string"},"PartyNo":{"type":"string"},"ContractId":{},"AmtFinanced":{},"Downpayment":{},"DownPaymentPercent":{},"EngineNo":{},"ChassisNo":{}},"required":["Errors","PartyId","PartyNo","ContractId","AmtFinanced","Downpayment","DownPaymentPercent","EngineNo","ChassisNo"]}}}}}},"expression":{"equals":["@body('Parse_JSON_5')?['isSuccess']",false]},"metadata":{"operationMetadataId":"7db9464f-e2b0-498e-bce1-97473061aca2"},"type":"If"},"Apply_to_each_5":{"foreach":"@body('Parse_JSON_5')?['Data']","actions":{"Set_variable_4":{"runAfter":{},"metadata":{"operationMetadataId":"c3d47191-42e0-4a84-aeb6-7b054fa81bda"},"type":"SetVariable","inputs":{"name":"varPartyID","value":"@{items('Apply_to_each_5')?['PartyId']}"}}},"runAfter":{"Parse_JSON_5":["Succeeded"]},"metadata":{"operationMetadataId":"0a90dfa2-34ad-4272-b7d8-e66eee1ec0d5"},"type":"Foreach"},"Apply_to_each_6":{"foreach":"@body('Parse_JSON_3')?['Data']","actions":{"Set_variable_5":{"runAfter":{},"metadata":{"operationMetadataId":"4476c9a5-e7eb-4f56-900a-6b90c9d2e984"},"type":"SetVariable","inputs":{"name":"varPartyID","value":"@items('Apply_to_each_6')['PartyId']"}}},"runAfter":{"Parse_JSON_3":["Failed","Skipped"]},"metadata":{"operationMetadataId":"5cf0bf93-3a23-4af3-ae87-d4ed1bb9db36"},"type":"Foreach"}},"runAfter":{},"metadata":{"operationMetadataId":"25385322-46a0-4699-be5c-d27630d1216e"},"type":"Scope"},"Scope_:_Catch_Error":{"actions":{"Compose_2":{"runAfter":{},"metadata":{"operationMetadataId":"19350637-dfde-45df-92aa-6eb0ac302028"},"type":"Compose","inputs":"@body('Parse_JSON_3')"}},"runAfter":{"Scope_:_Try_Create_Deal":["Failed"]},"metadata":{"operationMetadataId":"24e4fff6-7fad-4ce0-8f6e-4bdeadc2fe39"},"type":"Scope"}},"runAfter":{"Apply_to_each_2":["Succeeded"]},"metadata":{"operationMetadataId":"5db010c6-d2af-4a29-8342-18c9d9c347e5"},"type":"Scope"},"Scope_:_Create_Contract":{"actions":{"Condition_4":{"actions":{"Scope_:_Try_Create_Contract_2":{"actions":{"Apply_to_each_8":{"foreach":"@outputs('Get_items_:_Deals')?['body/value']","actions":{"Compose_:_Array_Output":{"runAfter":{},"metadata":{"operationMetadataId":"de186d2b-0109-4a20-b173-9e6f5e1da861"},"type":"Compose","inputs":"@last(variables('varArray'))"},"Compose_3":{"runAfter":{"Compose_:_Array_Output":["Succeeded"]},"metadata":{"operationMetadataId":"95287470-09fb-4fe0-b3eb-3c8edb2dcf7d"},"type":"Compose","inputs":"@length(outputs('Compose_:_Array_Output'))"},"HTTP_4":{"runAfter":{"Compose_3":["Succeeded"]},"metadata":{"operationMetadataId":"cc23d8e2-794b-4b62-9438-ddde4e1d6104"},"type":"Http","inputs":{"method":"POST","uri":"http://fortivpn.scinnova.com.ph:52001/Service/FIS/ContractCreation","body":{"Party":{"FIS_Party_ID":"@{substring(variables('varPartyID'), 0, sub(length(variables('varPartyID')), 1))}"},"Contract":{"Servicing_Branc":{"name":"@{items('Apply_to_each_8')?['Branch0']}","id":"16"},"FIS_Contract_ID":"","Motorcycle_Condition":"@{items('Apply_to_each_8')?['ContactName']}","SRP":"@items('Apply_to_each_8')?['SRP']","Effective_Date":"@{items('Apply_to_each_8')?['Branch']}","Deal_Name":"@{items('Apply_to_each_8')?['AssetType']}","id":"@{variables('varID_CRM')}","Asset_Type":{"name":"@{items('Apply_to_each_8')?['SalesType']}","id":"123"},"Down_Payment":"@items('Apply_to_each_8')?['DownPayment']","Terms":"@{items('Apply_to_each_8')?['Terms0']}","Down_Payment_Rate":"@items('Apply_to_each_8')?['DownPaymentRate']","FIS_Error":"","Dealer_s_Name1":"@items('Apply_to_each_8')?['DealersName']","Branch1":"@{items('Apply_to_each_8')?['Branch0']}","Engine_No":"@{items('Apply_to_each_8')?['EngineNo']}","ProductId":"@items('Apply_to_each_8')?['ProductID']","AssetDealTypeId":"@items('Apply_to_each_8')?['AssetID']","AssetDealTypeName":"@{items('Apply_to_each_8')?['ContactName']}","DownpaymentRate":"@items('Apply_to_each_8')?['DownPaymentRate']","FIS_Party_ID":"@{substring(variables('varPartyID'), 0, sub(length(variables('varPartyID')), 1))}"},"Others":{"Asset_Name":"@{items('Apply_to_each_8')?['SalesType']}","CRM_Deal_ID":"@{variables('varID_CRM')}","Lead_Source":"@{body('Parse_JSON_:_Lead')?['LeadSource0']}","Branch_Name":"@{items('Apply_to_each_8')?['Branch0']}","Purpose_of_Loan":"@{body('Parse_JSON_:_Lead')?['PurposeOfLoan']}","ProductType":"@{items('Apply_to_each_8')?['ProductType']}","NS_Branch_Code_ID":"1084"}},"authentication":{"type":"Basic","username":"appconnect","password":"@@ppc0nnect1234"}}},"Set_variable_10":{"runAfter":{"HTTP_4":["Succeeded"]},"metadata":{"operationMetadataId":"7bf0d5af-32ab-4e5e-bd96-48099aed20df"},"type":"SetVariable","inputs":{"name":"varContractJSON","value":"@{body('HTTP_4')}"}},"Parse_JSON_4":{"runAfter":{"Set_variable_10":["Succeeded"]},"metadata":{"operationMetadataId":"28c6161f-a9a1-43a6-b3c2-4ca2e556272a"},"type":"ParseJson","inputs":{"content":"@variables('varContractJSON')","schema":{"type":"object","properties":{"isSuccess":{"type":"boolean"},"Message":{"type":"string"},"Data":{"type":"array","items":{"type":"object","properties":{"Errors":{},"PartyId":{},"PartyNo":{},"ContractId":{"type":"string"},"AmtFinanced":{"type":"string"},"Downpayment":{"type":"string"},"DownPaymentPercent":{"type":"string"},"EngineNo":{"type":"string"},"ChassisNo":{"type":"string"}},"required":["Errors","PartyId","PartyNo","ContractId","AmtFinanced","Downpayment","DownPaymentPercent","EngineNo","ChassisNo"]}}}}}},"Apply_to_each_11":{"foreach":"@body('Parse_JSON_4')?['Data']","actions":{"Set_variable_13":{"runAfter":{},"metadata":{"operationMetadataId":"3add4066-410c-4dcf-8d1f-baf4dc22f617"},"type":"SetVariable","inputs":{"name":"Downpayment","value":"Downpayment : @{items('Apply_to_each_11')?['Downpayment']}"}}},"runAfter":{"Parse_JSON_4":["Succeeded"]},"metadata":{"operationMetadataId":"a34cc4b6-eb03-480f-a454-8c1889432909"},"type":"Foreach"},"Parse_JSON_7":{"runAfter":{"Parse_JSON_4":["Failed"]},"metadata":{"operationMetadataId":"39e63304-a6bc-4dd6-b715-fd82dd5fa2a0"},"type":"ParseJson","inputs":{"content":"@variables('varContractJSON')","schema":{"type":"object","properties":{"type":{"type":"string"},"properties":{"type":"object","properties":{"isSuccess":{"type":"object","properties":{"type":{"type":"string"}}},"Message":{"type":"object","properties":{"type":{"type":"string"}}},"Data":{"type":"object","properties":{"type":{"type":"string"},"items":{"type":"object","properties":{"type":{"type":"string"},"properties":{"type":"object","properties":{"Errors":{"type":"object","properties":{"type":{"type":"string"}}},"PartyId":{"type":"object","properties":{}},"PartyNo":{"type":"object","properties":{}},"ContractId":{"type":"object","properties":{}},"AmtFinanced":{"type":"object","properties":{}},"Downpayment":{"type":"object","properties":{}},"DownPaymentPercent":{"type":"object","properties":{}},"EngineNo":{"type":"object","properties":{}},"ChassisNo":{"type":"object","properties":{}}}},"required":{"type":"array","items":{"type":"string"}}}}}}}}}}}},"Set_variable_15":{"runAfter":{"Parse_JSON_7":["Succeeded"]},"metadata":{"operationMetadataId":"82013a34-0304-4427-b00a-183bd99a8a27"},"type":"SetVariable","inputs":{"name":"varError","value":"@{body('Parse_JSON_7')?['properties']?['Data']?['items']?['properties']?['Errors']}"}}},"runAfter":{},"metadata":{"operationMetadataId":"2af7d696-2bef-4e30-9675-3b96ec8320d9"},"type":"Foreach"},"Condition_5":{"actions":{"Respond_to_a_Power_App_or_flow":{"runAfter":{},"metadata":{"operationMetadataId":"e7b4b10c-3e29-408a-86fb-d1e66561acb3"},"type":"Response","kind":"PowerApp","inputs":{"statusCode":200,"body":{"respond_status":"Repo_Asset_Error"},"schema":{"type":"object","properties":{"respond_status":{"title":"respond_Status","x-ms-dynamically-added":true,"type":"string"}}}}}},"runAfter":{"Apply_to_each_8":["Succeeded","Failed","Skipped"]},"else":{"actions":{"Condition_6":{"actions":{"Respond_to_a_Power_App_or_flow_5":{"runAfter":{},"metadata":{"operationMetadataId":"e7b4b10c-3e29-408a-86fb-d1e66561acb3"},"type":"Response","kind":"PowerApp","inputs":{"statusCode":200,"body":{"respond_status":"Netsuite"},"schema":{"type":"object","properties":{"respond_status":{"title":"respond_Status","x-ms-dynamically-added":true,"type":"string"}}}}}},"runAfter":{},"expression":{"contains":["@variables('varError')","Netsuite"]},"metadata":{"operationMetadataId":"aa09d3f5-92a8-4ec4-9258-52e39dfcdc3b"},"type":"If"}}},"expression":{"contains":["@variables('varError')"," REPO ASSET COST"]},"metadata":{"operationMetadataId":"7c4f40b0-b26f-41aa-bc27-5d749ff85f63"},"type":"If"}},"runAfter":{},"metadata":{"operationMetadataId":"25385322-46a0-4699-be5c-d27630d1216e"},"type":"Scope"},"Respond_to_a_Power_App_or_flow_3":{"runAfter":{"Scope_:_Try_Create_Contract_2":["Failed"]},"metadata":{"operationMetadataId":"0c00888f-8c5d-4538-bbc7-716ece1a815e"},"type":"Response","kind":"PowerApp","inputs":{"statusCode":200,"body":{"respond_status":"Failed"},"schema":{"type":"object","properties":{"respond_status":{"title":"respond_Status","x-ms-dynamically-added":true,"type":"string"}}}}}},"runAfter":{},"else":{"actions":{"Scope_:_Try_Create_Contract":{"actions":{"Apply_to_each_3":{"foreach":"@outputs('Get_items_:_Deals')?['body/value']","actions":{"Apply_to_each_9":{"foreach":"@body('Parse_JSON_:_Party_-eq_FirstSuccess')?['Data']","actions":{"HTTP_2":{"runAfter":{},"metadata":{"operationMetadataId":"cc23d8e2-794b-4b62-9438-ddde4e1d6104"},"type":"Http","inputs":{"method":"POST","uri":"http://fortivpn.scinnova.com.ph:52001/Service/FIS/ContractCreation","body":{"Party":{"FIS_Party_ID":"@{items('Apply_to_each_9')?['PartyId']}"},"Contract":{"Servicing_Branc":{"name":"@{items('Apply_to_each_3')?['Branch0']}","id":"16"},"FIS_Contract_ID":"","Motorcycle_Condition":"@{items('Apply_to_each_3')?['ContactName']}","SRP":"@items('Apply_to_each_3')?['SRP']","Effective_Date":"@{items('Apply_to_each_3')?['Branch']}","Deal_Name":"@{items('Apply_to_each_3')?['AssetType']}","id":"@{variables('varID_CRM')}","Asset_Type":{"name":"@{items('Apply_to_each_3')?['SalesType']}","id":"123"},"Down_Payment":"@items('Apply_to_each_3')?['DownPayment']","Terms":"@{items('Apply_to_each_3')?['Terms0']}","Down_Payment_Rate":"@items('Apply_to_each_3')?['DownPaymentRate']","FIS_Error":"","Dealer_s_Name1":"@items('Apply_to_each_3')?['DealersName']","Branch1":"@{items('Apply_to_each_3')?['Branch0']}","Engine_No":"@{items('Apply_to_each_3')?['EngineNo']}","ProductId":"@items('Apply_to_each_3')?['ProductID']","AssetDealTypeId":"@items('Apply_to_each_3')?['AssetID']","AssetDealTypeName":"@{items('Apply_to_each_3')?['ContactName']}","DownpaymentRate":"@items('Apply_to_each_3')?['DownPaymentRate']","FIS_Party_ID":"@{items('Apply_to_each_9')?['PartyId']}"},"Others":{"Asset_Name":"@{items('Apply_to_each_3')?['SalesType']}","CRM_Deal_ID":"@{variables('varID_CRM')}","Lead_Source":"@{body('Parse_JSON_:_Lead')?['LeadSource0']}","Branch_Name":"@{items('Apply_to_each_3')?['Branch0']}","Purpose_of_Loan":"@{body('Parse_JSON_:_Lead')?['PurposeOfLoan']}","ProductType":"@{items('Apply_to_each_3')?['ProductType']}","NS_Branch_Code_ID":"1084"}},"authentication":{"type":"Basic","username":"appconnect","password":"@@ppc0nnect1234"}}},"Set_variable_11":{"runAfter":{"Compose_7":["Succeeded"]},"metadata":{"operationMetadataId":"96022b26-8ada-4a2a-9d20-3652a8c38541"},"type":"SetVariable","inputs":{"name":"varContractJSON","value":"@{body('HTTP_2')}"}},"Parse_JSON_6":{"runAfter":{"Set_variable_11":["Succeeded"]},"metadata":{"operationMetadataId":"3170dd13-c9ff-4f3d-a007-9627f3f26585"},"type":"ParseJson","inputs":{"content":"@variables('varContractJSON')","schema":{"type":"object","properties":{"isSuccess":{"type":"boolean"},"Message":{"type":"string"},"Data":{"type":"array","items":{"type":"object","properties":{"Errors":{},"PartyId":{},"PartyNo":{},"ContractId":{"type":"string"},"AmtFinanced":{"type":"string"},"Downpayment":{"type":"string"},"DownPaymentPercent":{"type":"string"},"EngineNo":{"type":"string"},"ChassisNo":{"type":"string"}},"required":["Errors","PartyId","PartyNo","ContractId","AmtFinanced","Downpayment","DownPaymentPercent","EngineNo","ChassisNo"]}}}}}},"Apply_to_each_13":{"foreach":"@body('Parse_JSON_6')?['Data']","actions":{"Set_variable_14":{"runAfter":{},"metadata":{"operationMetadataId":"46b3e55f-2f1d-47fc-b57f-64871b6be927"},"type":"SetVariable","inputs":{"name":"Downpayment","value":"@{outputs('Compose_7')} Downpayment : @{items('Apply_to_each_13')?['Downpayment']}"}}},"runAfter":{"Parse_JSON_6":["Succeeded"]},"metadata":{"operationMetadataId":"2db1daa4-33db-4d19-813b-6450b7173c8b"},"type":"Foreach"},"Compose_7":{"runAfter":{"HTTP_2":["Succeeded"]},"metadata":{"operationMetadataId":"18265c5d-ef67-46a6-bc5f-13cf5ff75366"},"type":"Compose","inputs":"@items('Apply_to_each_9')?['PartyId']"}},"runAfter":{},"metadata":{"operationMetadataId":"5439b0a1-92e9-4237-8c92-8640e47a28f5"},"type":"Foreach"}},"runAfter":{},"metadata":{"operationMetadataId":"2af7d696-2bef-4e30-9675-3b96ec8320d9"},"type":"Foreach"}},"runAfter":{},"metadata":{"operationMetadataId":"25385322-46a0-4699-be5c-d27630d1216e"},"type":"Scope"},"Respond_to_a_Power_App_or_flow_4":{"runAfter":{"Scope_:_Try_Create_Contract":["Failed"]},"metadata":{"operationMetadataId":"735121cd-6420-4763-8c92-aefa63507553"},"type":"Response","kind":"PowerApp","inputs":{"statusCode":200,"body":{"respond_status":"Failed"},"schema":{"type":"object","properties":{"respond_status":{"title":"respond_Status","x-ms-dynamically-added":true,"type":"string"}}}}}}},"expression":{"and":[{"equals":["@variables('varCondition')",false]},{"not":{"equals":["@body('Parse_JSON_:_Party_-eq_FirstSuccess')?['isSuccess']",true]}}]},"metadata":{"operationMetadataId":"5c9ed773-041d-495f-a47c-090e7d18dfba"},"type":"If"}},"runAfter":{"Parse_JSON_:_Party_-eq_FirstSuccess":["Succeeded","Skipped","Failed"]},"metadata":{"operationMetadataId":"6e13c3e1-d44e-4117-a0d9-fcda82048adb"},"type":"Scope"},"Get_items_:_Deals":{"runAfter":{"Get_JSON_Entries":["Succeeded"]},"metadata":{"operationMetadataId":"56c69cfb-6a8e-4832-9bda-f2f5fbd16612"},"type":"OpenApiConnection","inputs":{"host":{"apiId":"/providers/Microsoft.PowerApps/apis/shared_sharepointonline","connectionName":"shared_sharepointonline","operationId":"GetItems"},"parameters":{"dataset":"https://unistarcreditph.sharepoint.com","table":"a64f2491-1a1f-423d-857b-fd6bf610c09e","$filter":"ID eq '@{triggerBody()['text']}'"},"authentication":{"value":"@json(decodeBase64(triggerOutputs().headers['X-MS-APIM-Tokens']))['$ConnectionKey']","type":"Raw"}}},"Apply_to_each_2":{"foreach":"@outputs('Get_items_:_Deals')?['body/value']","actions":{"Get_items_:_Leads":{"runAfter":{},"metadata":{"operationMetadataId":"32fd09a7-6504-4a5b-a86c-add7873f19a4"},"type":"OpenApiConnection","inputs":{"host":{"apiId":"/providers/Microsoft.PowerApps/apis/shared_sharepointonline","connectionName":"shared_sharepointonline","operationId":"GetItems"},"parameters":{"dataset":"https://unistarcreditph.sharepoint.com","table":"f0d881d1-668d-4642-8e88-588d8d62e870","$filter":"ID eq '@{items('Apply_to_each_2')?['LeadID_No']}'"},"authentication":{"value":"@json(decodeBase64(triggerOutputs().headers['X-MS-APIM-Tokens']))['$ConnectionKey']","type":"Raw"}}}},"runAfter":{"Apply_to_each_10":["Succeeded"]},"metadata":{"operationMetadataId":"ed538c50-5056-43c7-ae80-39580bda2d24"},"type":"Foreach"},"Get_JSON_Entries":{"actions":{"Compose_:_JSON_Deal":{"runAfter":{},"metadata":{"operationMetadataId":"b04acd92-c059-4ddd-9f6d-3cfddddb28b0"},"type":"Compose","inputs":"@triggerBody()['text_1']"},"Compose_:_JSON_Lead":{"runAfter":{"Parse_JSON_:_Deal":["Succeeded"]},"metadata":{"operationMetadataId":"99838e49-e973-48e2-ad5f-6d2aa640afd7"},"type":"Compose","inputs":"@triggerBody()['text_2']"},"Parse_JSON_:_Deal":{"runAfter":{"Compose_:_JSON_Deal":["Succeeded"]},"metadata":{"operationMetadataId":"4ae40d95-9e25-48cc-b731-2e4203fb7f0d"},"type":"ParseJson","inputs":{"content":"@outputs('Compose_:_JSON_Deal')","schema":{"type":"object","properties":{"AssetType":{"type":"string"},"Author":{"type":"object","properties":{"Claims":{"type":"string"},"Department":{},"DisplayName":{"type":"string"},"Email":{"type":"string"},"JobTitle":{}}},"Branch":{"type":"string"},"Branch0":{"type":"string"},"ChassisNo":{"type":"string"},"ContactName":{"type":"string"},"Created":{"type":"string"},"DealOwner":{"type":"string"},"DealOwner0":{"type":"string"},"DealersName":{"type":"integer"},"Discount":{"type":"string"},"DownPayment":{"type":"string"},"DownPaymentRate":{"type":"integer"},"Editor":{"type":"object","properties":{"Claims":{"type":"string"},"Department":{},"DisplayName":{"type":"string"},"Email":{"type":"string"},"JobTitle":{}}},"EngineNo":{"type":"string"},"FIS_Response":{"type":"string"},"FinanceAmount":{"type":"string"},"ID":{"type":"integer"},"LeadID_No":{"type":"string"},"LeadID_Ref":{"type":"string"},"LoanNo_x002e__x002f_ApplicationI":{"type":"string"},"Modified":{"type":"string"},"ProcessingFee":{"type":"string"},"SRP":{"type":"integer"},"SalesType":{"type":"string"},"Stage":{"type":"string"},"Stage0":{"type":"string"},"Terms":{"type":"string"},"Terms0":{"type":"string"},"Title":{"type":"string"},"{FilenameWithExtension}":{"type":"string"},"{FullPath}":{"type":"string"},"{HasAttachments}":{"type":"boolean"},"{Identifier}":{"type":"string"},"{IsFolder}":{"type":"boolean"},"{Link}":{"type":"string"},"{Name}":{"type":"string"},"{Path}":{"type":"string"},"{Thumbnail}":{"type":"object","properties":{"Large":{},"Medium":{},"Small":{}}},"{VersionNumber}":{"type":"string"}}}}},"Parse_JSON_:_Lead":{"runAfter":{"Compose_:_JSON_Lead":["Succeeded"]},"metadata":{"operationMetadataId":"39a27761-8538-41d0-9d7a-3f8d781a3282"},"type":"ParseJson","inputs":{"content":"@outputs('Compose_:_JSON_Lead')","schema":{"type":"object","properties":{"AFP":{"type":"string"},"ApprovedIn":{"type":"string"},"Author":{"type":"object","properties":{"Claims":{"type":"string"},"Department":{},"DisplayName":{"type":"string"},"Email":{"type":"string"},"JobTitle":{}}},"Barangay_x002f_District":{"type":"string"},"Branch":{"type":"string"},"Branch0":{"type":"string"},"CRM_CustomerGroup":{"type":"string"},"CRM_LeadCRC_ID":{"type":"string"},"City":{"type":"string"},"CivilStatus":{"type":"string"},"Civil_Status":{"type":"string"},"CountryCode":{"type":"string"},"Created":{"type":"string"},"DeclaredNetIncome":{"type":"string"},"Editor":{"type":"object","properties":{"Claims":{"type":"string"},"Department":{},"DisplayName":{"type":"string"},"Email":{"type":"string"},"JobTitle":{}}},"EducationAttainment":{"type":"string"},"EffectiveDate":{"type":"string"},"Email":{"type":"string"},"FinalApproval":{"type":"string"},"FirstName":{"type":"string"},"Gender":{"type":"string"},"HomeOwnerStatus":{"type":"string"},"ID":{"type":"integer"},"ID_Type":{"type":"string"},"Industry":{"type":"string"},"Industry0":{"type":"string"},"IsComplete":{"type":"string"},"LandlineNo":{"type":"string"},"LeadDate":{"type":"string"},"LeadOwner":{"type":"string"},"LeadOwner0":{"type":"string"},"LeadSource":{"type":"string"},"LeadSource0":{"type":"string"},"LeadStatus0":{"type":"string"},"MobileNo":{"type":"string"},"Modified":{"type":"string"},"MonthlyIncome":{"type":"string"},"Municipality":{"type":"string"},"Occupation":{"type":"string"},"Province":{"type":"string"},"PurposeOfLoan":{"type":"string"},"Region":{"type":"string"},"Region0":{"type":"string"},"SocialMediaAccount":{"type":"string"},"SourceIncome":{"type":"string"},"SourceIncome0":{"type":"string"},"SourceOfIncomeProfile":{"type":"string"},"StartDate":{"type":"string"},"Title":{"type":"string"},"YearsOfEmployment":{"type":"string"},"{FilenameWithExtension}":{"type":"string"},"{FullPath}":{"type":"string"},"{HasAttachments}":{"type":"boolean"},"{Identifier}":{"type":"string"},"{IsFolder}":{"type":"boolean"},"{Link}":{"type":"string"},"{Name}":{"type":"string"},"{Path}":{"type":"string"},"{Thumbnail}":{"type":"object","properties":{"Large":{},"Medium":{},"Small":{}}},"{VersionNumber}":{"type":"string"}}}}}},"runAfter":{"Compose_:_ID":["Succeeded"]},"metadata":{"operationMetadataId":"40b8c2cb-ee06-4e99-96cf-7860e83f8a46"},"type":"Scope"},"Scope_:_Get_Respond_-_failed":{"actions":{"Set_variable":{"runAfter":{},"metadata":{"operationMetadataId":"a4de53ae-7f83-4b5a-b925-5ab9441abe10"},"type":"SetVariable","inputs":{"name":"varResponse","value":"Failed"}}},"runAfter":{"Scope_:_Create_Contract":["Failed","Skipped"]},"metadata":{"operationMetadataId":"de6f7e0d-0823-44d7-85a0-a1f6b6ae3f1e"},"type":"Scope"},"Condition":{"actions":{"Respond_to_a_Power_App_or_flow_2":{"runAfter":{},"metadata":{"operationMetadataId":"e7b4b10c-3e29-408a-86fb-d1e66561acb3"},"type":"Response","kind":"PowerApp","inputs":{"statusCode":200,"body":{"respond_status":"Failed"},"schema":{"type":"object","properties":{"respond_status":{"title":"respond_Status","x-ms-dynamically-added":true,"type":"string"}}}}}},"runAfter":{"Scope_:_Get_Respond_-success":["Succeeded","Skipped"]},"else":{"actions":{"Parse_JSON_2":{"runAfter":{},"metadata":{"operationMetadataId":"5b70ec38-05d3-43ac-9103-2e645192e86f"},"type":"ParseJson","inputs":{"content":"@variables('varContractJSON')","schema":{"type":"object","properties":{"isSuccess":{"type":"boolean"},"Message":{"type":"string"},"Data":{"type":"array","items":{"type":"object","properties":{"Errors":{},"PartyId":{},"PartyNo":{},"ContractId":{"type":"string"},"AmtFinanced":{"type":"string"},"Downpayment":{},"DownPaymentPercent":{},"EngineNo":{"type":"string"},"ChassisNo":{"type":"string"}},"required":["Errors","PartyId","PartyNo","ContractId","AmtFinanced","Downpayment","DownPaymentPercent","EngineNo","ChassisNo"]}}}}}},"Apply_to_each_7":{"foreach":"@outputs('Get_items_:_Deals')?['body/value']","actions":{"Apply_to_each_12":{"foreach":"@body('Parse_JSON_2')?['Data']","actions":{"Update_item":{"runAfter":{},"metadata":{"operationMetadataId":"151edb43-2df2-4519-bcc8-69fbd1ef0679"},"type":"OpenApiConnection","inputs":{"host":{"apiId":"/providers/Microsoft.PowerApps/apis/shared_sharepointonline","connectionName":"shared_sharepointonline","operationId":"PatchItem"},"parameters":{"dataset":"https://unistarcreditph.sharepoint.com","table":"a64f2491-1a1f-423d-857b-fd6bf610c09e","id":"@items('Apply_to_each_7')?['ID']","item/PartyIDAndContract":"@variables('varID_CRM')","item/FullDetails":"Contract ID : @{items('Apply_to_each_12')?['ContractId']} Party ID : @{variables('varPartyID')}  @{variables('Downpayment')}"},"authentication":{"value":"@json(decodeBase64(triggerOutputs().headers['X-MS-APIM-Tokens']))['$ConnectionKey']","type":"Raw"}}}},"runAfter":{},"metadata":{"operationMetadataId":"0048aba6-9922-4def-92e6-228af8fc45d6"},"type":"Foreach"}},"runAfter":{"Compose_5":["Succeeded"]},"metadata":{"operationMetadataId":"e3fb7112-dc25-4c86-bd29-cf036a397c43"},"type":"Foreach"},"Compose_5":{"runAfter":{"Parse_JSON_2":["Succeeded","Failed","Skipped"]},"metadata":{"operationMetadataId":"60ca214c-468d-4e8a-81bb-618cdc795bc0"},"type":"Compose","inputs":"@variables('varContractID')"},"Respond_to_a_Power_App_or_flow_6":{"runAfter":{"Apply_to_each_7":["Succeeded"]},"metadata":{"operationMetadataId":"e7b4b10c-3e29-408a-86fb-d1e66561acb3"},"type":"Response","kind":"PowerApp","inputs":{"statusCode":200,"body":{"respond_status":"Success"},"schema":{"type":"object","properties":{"respond_status":{"title":"respond_Status","x-ms-dynamically-added":true,"type":"string"}}}}}}},"expression":{"equals":["@variables('varResponse')","Failed"]},"metadata":{"operationMetadataId":"93a6c65d-4608-4ca7-8af2-a5fb93275eeb"},"type":"If"},"Initialize_variable":{"runAfter":{"Initialize_variable_:_varArray":["Succeeded"]},"metadata":{"operationMetadataId":"c1e73a70-2427-43fc-a198-b67d14c765e0"},"type":"InitializeVariable","inputs":{"variables":[{"name":"varResponse","type":"string"}]}},"Scope_:_Get_Respond_-success":{"actions":{"Set_variable_2":{"runAfter":{},"metadata":{"operationMetadataId":"60605864-2c15-4bd0-ad7c-39383f1afd8f"},"type":"SetVariable","inputs":{"name":"varResponse","value":"Success"}}},"runAfter":{"Scope_:_Get_Respond_-_failed":["Skipped"]},"metadata":{"operationMetadataId":"177818c9-7ee3-4872-bec1-e5493cf70969"},"type":"Scope"},"Initialize_variable_2":{"runAfter":{"Initialize_variable":["Succeeded"]},"metadata":{"operationMetadataId":"355f7a8d-2a18-4d7d-9fa6-9bcd9edacb06"},"type":"InitializeVariable","inputs":{"variables":[{"name":"varJSON_Deal_Existing","type":"string"}]}},"Initialize_variable_:_varPartyID":{"runAfter":{"Initialize_variable_2":["Succeeded"]},"metadata":{"operationMetadataId":"93d472d4-7e40-428e-9911-8a6f84807b86"},"type":"InitializeVariable","inputs":{"variables":[{"name":"varPartyID","type":"string"}]}},"Initialize_variable_:_varContractID":{"runAfter":{"Initialize_variable_:_varPartyID":["Succeeded"]},"metadata":{"operationMetadataId":"6455cf66-8929-4cb1-8942-cec8fa7bf717"},"type":"InitializeVariable","inputs":{"variables":[{"name":"varContractID","type":"string"}]}},"Initialize_variable_:_varArray":{"runAfter":{},"metadata":{"operationMetadataId":"0bc069bc-3ac1-44fd-9bf1-cef1ac89cd1b"},"type":"InitializeVariable","inputs":{"variables":[{"name":"varArray","type":"array"}]}},"Initialize_variable_:_varCondition":{"runAfter":{"Initialize_variable_:_varContractID":["Succeeded"]},"metadata":{"operationMetadataId":"e8f97bc1-df71-4de0-a387-4ca264ca7042"},"type":"InitializeVariable","inputs":{"variables":[{"name":"varCondition","type":"boolean"}]}},"Initialize_variable_3":{"runAfter":{"Initialize_variable_:_varCondition":["Succeeded"]},"metadata":{"operationMetadataId":"1b2a03c1-11e0-47aa-8a3b-d199e1c24393"},"type":"InitializeVariable","inputs":{"variables":[{"name":"varCreateContract_Direct","type":"string"}]}},"Parse_JSON_:_Party_-eq_FirstSuccess":{"runAfter":{"Scope_:_Create_Deal_Party":["Succeeded"]},"metadata":{"operationMetadataId":"ef1fb8f0-fb32-41b5-8eb7-8051f31ee9f1"},"type":"ParseJson","inputs":{"content":"@variables('varCreateContract_Direct')","schema":{"type":"object","properties":{"isSuccess":{"type":"boolean"},"Message":{"type":"string"},"Data":{"type":"array","items":{"type":"object","properties":{"Errors":{},"PartyId":{"type":"string"},"PartyNo":{"type":"string"},"ContractId":{},"AmtFinanced":{},"Downpayment":{},"DownPaymentPercent":{},"EngineNo":{},"ChassisNo":{}},"required":["Errors","PartyId","PartyNo","ContractId","AmtFinanced","Downpayment","DownPaymentPercent","EngineNo","ChassisNo"]}}}}}},"Initialize_variable_4":{"runAfter":{"Initialize_variable_3":["Succeeded"]},"metadata":{"operationMetadataId":"0dd385a0-4f3e-41e5-9eea-19bf16af8500"},"type":"InitializeVariable","inputs":{"variables":[{"name":"varContractJSON","type":"string"}]}},"Apply_to_each_10":{"foreach":"@outputs('Get_items_:_Deals')?['body/value']","actions":{"Compose_6":{"runAfter":{},"metadata":{"operationMetadataId":"7434cce9-ce7a-46df-bfe3-253dd152d734"},"type":"Compose","inputs":"@items('Apply_to_each_10')?['ID']"},"Set_variable_12":{"runAfter":{"Compose_6":["Succeeded"]},"metadata":{"operationMetadataId":"a966d73c-2307-4a63-8c96-32a4c21e990d"},"type":"SetVariable","inputs":{"name":"varID_CRM","value":"000@{add(int(outputs('Compose_6')),int(formatDateTime(utcNow(),'mmddmmss')))}"}}},"runAfter":{"Initialize_variable_:_varID_CRM":["Succeeded"]},"metadata":{"operationMetadataId":"ceb926cf-c3fc-407e-93a0-64f893bb5bfb"},"type":"Foreach"},"Initialize_variable_:_varID_CRM":{"runAfter":{"Get_items_:_Deals":["Succeeded"]},"metadata":{"operationMetadataId":"1e13dd5b-7707-489a-872e-aeabce2de780"},"type":"InitializeVariable","inputs":{"variables":[{"name":"varID_CRM","type":"string"}]}},"Initialize_variable_5":{"runAfter":{"Initialize_variable_4":["Succeeded"]},"metadata":{"operationMetadataId":"fb60a508-202a-498e-af88-e84560d0c597"},"type":"InitializeVariable","inputs":{"variables":[{"name":"Downpayment","type":"string","value":"0"}]}},"Initialize_variable_6":{"runAfter":{"Initialize_variable_5":["Succeeded"]},"metadata":{"operationMetadataId":"b79424de-f1a4-4fdb-9dfa-867b056fd9a0"},"type":"InitializeVariable","inputs":{"variables":[{"name":"varError","type":"string"}]}}}},"connectionReferences":{"shared_sharepointonline":{"connectionName":"3fabbf6208b842feafe4256fa1d96f31","source":"Invoker","id":"/providers/Microsoft.PowerApps/apis/shared_sharepointonline","tier":"NotSpecified","apiName":"sharepointonline"}},"flowFailureAlertSubscribed":false,"isManaged":false}}