{"schemaVersion":"1.0","appDefinitionTemplate":{"id":"/providers/Microsoft.PowerApps/apps/","type":"Microsoft.PowerApps/apps","tags":{"primaryDeviceWidth":"1366","primaryDeviceHeight":"768","supportsPortrait":"true","supportsLandscape":"true","primaryFormFactor":"Tablet","showStatusBar":"false","publisherVersion":"3.25014.16","minimumRequiredApiVersion":"2.2.0","hasComponent":"true","hasUnlockedComponent":"true","isUnifiedRootApp":"false","sienaVersion":"20250213T031707Z-3.25014.16.0","coauthoringEnabled":"true","multipleWritersEnabled":"true","acceptedCoauthoringTerms":"true"},"properties":{"appVersion":"2025-02-13T03:17:07Z","lifeCycleId":"Published","createdByClientVersion":{"major":3,"minor":25014,"build":16,"revision":0,"majorRevision":0,"minorRevision":0},"minClientVersion":{"major":3,"minor":25014,"build":16,"revision":0,"majorRevision":0,"minorRevision":0},"backgroundColor":"RGBA(0,176,240,1)","backgroundImageUri":"/13988250982907412641/Nf2ff0072-6582-4c8f-94ba-da165ff552f1-logoSmallFile","displayName":"Create Leads  Dev v2","description":"","commitMessage":"","appUris":{"documentUri":{"value":"/13988250982907412641/N2b5f1eb6-a7c3-4a2e-bb1d-8ad61c0eb53f-document.msapp"},"imageUris":[],"additionalUris":[{"isSolutionAware":false,"value":"/13988250982907412641/N3f899312-0986-465b-b177-d4d537762354-identity.json"}]},"createdTime":"0001-01-01T00:00:00Z","lastModifiedTime":"0001-01-01T00:00:00Z","sharedGroupsCount":0,"sharedUsersCount":0,"connectionReferences":{"f86823c7-37c2-44f6-ae0c-765435efeae7":{"id":"b28ac53f-1079-45bf-aa66-f92068afe0b1","displayName":"SharePoint","iconUri":"https://conn-afd-prod-endpoint-bmc9bqahasf3grgk.b01.azurefd.net/releases/v1.0.1732/1.0.1732.4070/sharepointonline/icon.png","dataSources":["CustomerGroup","Leads_List","Dropdown_List","Dropdown_List_Deals","AssetTypes","Branches","Deals_List","Region_Test_List","Province_Test_List","City_Test_List","Brgy_List","Contact_Name","Loc_Ref_List","LeadSource","ASSET_TYPE Prod","Locations","ADC","Gender","Salutation","AFP","SalesAgent","Approval","Documents","SourceIncome","Branch","LeadOwner","LeadStatus","ID_Type","Region","Channel","CustomerGroup_1","CivilStatus","Province","Leads Register","MC_Model","Industry","Access_Level_List"],"dependencies":[],"dependents":["32ec96d9-bd15-4b31-bd43-dae27b51b67f","8c7c441f-10e0-4602-9ca1-1849729b0eca"],"parameterHints":{},"parameterHintsV2":{},"isOnPremiseConnection":false,"bypassConsent":false,"dataSets":{"https://unistarcreditph.sharepoint.com":{"dataSources":{"CustomerGroup":{"tableName":"c6d7c4f5-e109-4d0d-8080-c1cf41dfa86a"},"Dropdown_List":{"tableName":"1619fc1d-13a7-465e-9657-5e1764f039cd"},"Dropdown_List_Deals":{"tableName":"f49d32ba-61bc-43ab-9287-cfe1451a37fe"},"AssetTypes":{"tableName":"806c4a6e-7046-425a-8448-d58e2c172e0a"},"Branches":{"tableName":"b911a9a7-b254-4e89-9d1a-763cbc53ffc1"},"Region_Test_List":{"tableName":"1ac75883-365b-418a-beee-5deedb9a1109"},"Province_Test_List":{"tableName":"a2d2c4e6-7c62-4c69-bdf5-f81f1be241f1"},"City_Test_List":{"tableName":"976062f8-ba07-4488-a637-8f988a62be98"},"Brgy_List":{"tableName":"05d73642-701e-4f7f-99cf-ab255df054bd"},"Contact_Name":{"tableName":"7bc10911-2500-4e9d-85d4-50817d2c6017"},"Loc_Ref_List":{"tableName":"19c715de-1ca7-4e98-b324-7e17757709ad"},"ADC":{"tableName":"eb3307aa-8a72-4bbb-8c48-f63c56ae7682"},"Access_Level_List":{"tableName":"f3a5487b-e845-425f-a7e6-82277ce028e0"}}},"https://unistarcreditph.sharepoint.com/sites/ListManagementSystemProduction":{"dataSources":{"ASSET_TYPE Prod":{"tableName":"2e8c05ce-205a-4024-af35-46ed6619c5ae"},"Locations":{"tableName":"1187a796-504a-4b3c-9ceb-dd1ca5de8d71"}}}},"apiTier":"Standard","isCustomApiConnection":false,"actions":["providers/PowerPlatform.Governance/Operations/Read","providers/PowerPlatform.Governance/Operations/Write"]},"04072df4-29b3-43dd-aacf-03a4d7ae2de2":{"id":"b28ac53f-1079-45bf-aa66-f92068afe0b1","displayName":"SharePoint","iconUri":"https://conn-afd-prod-endpoint-bmc9bqahasf3grgk.b01.azurefd.net/releases/v1.0.1732/1.0.1732.4070/sharepointonline/icon.png","dataSources":["AFP","Approval","Branch","City_Municipality","Channel","CivilStatus","CustomerGroup_1","Documents","Gender","ID_Type","LeadOwner","Industry","LeadSource","LeadStatus","MC_Model","Region","SalesAgent","SourceIncome","Salutation","Province","Leads Register","Leads_List","Deals_List"],"dependencies":[],"dependents":[],"parameterHints":{},"parameterHintsV2":{},"isOnPremiseConnection":false,"bypassConsent":false,"dataSets":{"https://unistarcreditph.sharepoint.com":{"dataSources":{"AFP":{"tableName":"c0249f86-2368-4a07-b0cb-f955de4d00d4"},"Approval":{"tableName":"ba5843c9-ecc9-48d2-b8b0-3172d2ff8fa0"},"Branch":{"tableName":"91714c5d-bace-48d0-972b-1f2282e05329"},"City_Municipality":{"tableName":"e2a4fdaf-ecc0-443b-8ccc-aaaca1178165"},"Channel":{"tableName":"c418489c-5b16-4493-aaea-3673614c1fe8"},"CivilStatus":{"tableName":"615e0f73-1467-425e-abff-9dd0f48da184"},"CustomerGroup_1":{"tableName":"c6d7c4f5-e109-4d0d-8080-c1cf41dfa86a"},"Documents":{"tableName":"344d3211-9457-4b13-813d-1dc192ebde84"},"Gender":{"tableName":"eecc356c-f6a2-4072-a276-4b2fe527a6df"},"ID_Type":{"tableName":"1a8b1412-7b9f-436a-abbc-7efd1062854c"},"LeadOwner":{"tableName":"813cb35b-0d00-4f51-a2ab-fb6ee7a96ffe"},"Industry":{"tableName":"3f004ce5-84d5-42af-8db1-274a70a9ade9"},"LeadSource":{"tableName":"4517945b-a995-4e96-9cd4-8cd75db0cdfd"},"LeadStatus":{"tableName":"8c6cd84a-5881-4e43-9ef2-816409fce145"},"MC_Model":{"tableName":"8f357ebd-0c90-493d-9b5c-0a57d5016ceb"},"Region":{"tableName":"50c87361-c146-44b9-b3ef-ab18680ca82f"},"SalesAgent":{"tableName":"87dcf51a-bb1e-4610-b657-de489537ef6c"},"SourceIncome":{"tableName":"7a48519b-a43f-4bfa-9be7-e58cfb141efb"},"Salutation":{"tableName":"82f682d7-30c6-4b93-9e05-a77bb4e19272"},"Province":{"tableName":"00f9bc0e-cb2f-4115-aa9c-9893b17ec701"},"Leads Register":{"tableName":"ffce40a0-eee2-429a-86f7-e0b686ab1c83"},"Leads_List":{"tableName":"f0d881d1-668d-4642-8e88-588d8d62e870"},"Deals_List":{"tableName":"a64f2491-1a1f-423d-857b-fd6bf610c09e"}}}},"apiTier":"Standard","isCustomApiConnection":false,"actions":["providers/PowerPlatform.Governance/Operations/Read","providers/PowerPlatform.Governance/Operations/Write"]},"a06859ef-001e-48c4-85fc-8bd4102eeef9":{"id":"254ebe44-426d-44da-a882-a89b1210badc","displayName":"Logic flows","iconUri":"https://conn-afd-prod-endpoint-bmc9bqahasf3grgk.b01.azurefd.net/releases/v1.0.1725/1.0.1725.4004/logicflows/icon.png","dataSources":["LMS_Tool-Get_LocationsAPI_City_v100"],"dependencies":[],"dependents":[],"parameterHints":{"workflowName":{"value":"1f49259e-1677-4b6e-ad08-dc269069a509"},"workflowEntityId":{},"workflowDisplayName":{"value":"LMS_Tool-Get_LocationsAPI_City_v100"}},"parameterHintsV2":{"workflowName":{"value":"1f49259e-1677-4b6e-ad08-dc269069a509"},"workflowEntityId":{},"workflowDisplayName":{"value":"LMS_Tool-Get_LocationsAPI_City_v100"}},"isOnPremiseConnection":false,"bypassConsent":false,"dataSets":{},"apiTier":"Standard","isCustomApiConnection":false,"nestedActions":[]},"a297056d-c0e5-49bc-8f95-3778d6a7db7a":{"id":"254ebe44-426d-44da-a882-a89b1210badc","displayName":"Logic flows","iconUri":"https://conn-afd-prod-endpoint-bmc9bqahasf3grgk.b01.azurefd.net/releases/v1.0.1725/1.0.1725.4004/logicflows/icon.png","dataSources":["LMS_Tool-Get_LocationsAPI_Region_v100"],"dependencies":[],"dependents":[],"parameterHints":{"workflowName":{"value":"aea92f85-8831-4450-be40-5a4109335984"},"workflowEntityId":{},"workflowDisplayName":{"value":"LMS_Tool-Get_LocationsAPI_Region_v100"}},"parameterHintsV2":{"workflowName":{"value":"aea92f85-8831-4450-be40-5a4109335984"},"workflowEntityId":{},"workflowDisplayName":{"value":"LMS_Tool-Get_LocationsAPI_Region_v100"}},"isOnPremiseConnection":false,"bypassConsent":false,"dataSets":{},"apiTier":"Standard","isCustomApiConnection":false,"nestedActions":[]},"34278b0c-46e1-4d53-bf10-34f2e119fe4a":{"id":"254ebe44-426d-44da-a882-a89b1210badc","displayName":"Logic flows","iconUri":"https://conn-afd-prod-endpoint-bmc9bqahasf3grgk.b01.azurefd.net/releases/v1.0.1725/1.0.1725.4004/logicflows/icon.png","dataSources":["LMS_Tool-Get_LocationsAPI_Province_v100"],"dependencies":[],"dependents":[],"parameterHints":{"workflowName":{"value":"f5a8a0b3-e3e3-4193-ade3-d6fbad09c407"},"workflowEntityId":{},"workflowDisplayName":{"value":"LMS_Tool-Get_LocationsAPI_Province_v100"}},"parameterHintsV2":{"workflowName":{"value":"f5a8a0b3-e3e3-4193-ade3-d6fbad09c407"},"workflowEntityId":{},"workflowDisplayName":{"value":"LMS_Tool-Get_LocationsAPI_Province_v100"}},"isOnPremiseConnection":false,"bypassConsent":false,"dataSets":{},"apiTier":"Standard","isCustomApiConnection":false,"nestedActions":[]},"32ec96d9-bd15-4b31-bd43-dae27b51b67f":{"id":"254ebe44-426d-44da-a882-a89b1210badc","displayName":"Logic flows","iconUri":"https://conn-afd-prod-endpoint-bmc9bqahasf3grgk.b01.azurefd.net/releases/v1.0.1725/1.0.1725.4004/logicflows/icon.png","dataSources":["LMS_Tool-CreateDeal_Flow-v1.0.0"],"dependencies":["f86823c7-37c2-44f6-ae0c-765435efeae7"],"dependents":[],"parameterHints":{"workflowName":{"value":"b4b2376d-ce36-4d7c-907f-fa72dde0b9d8"},"workflowEntityId":{},"workflowDisplayName":{"value":"LMS_Tool-CreateDeal_Flow-v1.0.0"},"f86823c7-37c2-44f6-ae0c-765435efeae7":{"value":"shared_sharepointonline"}},"parameterHintsV2":{"workflowName":{"value":"b4b2376d-ce36-4d7c-907f-fa72dde0b9d8"},"workflowEntityId":{},"workflowDisplayName":{"value":"LMS_Tool-CreateDeal_Flow-v1.0.0"},"shared_sharepointonline":{"value":"f86823c7-37c2-44f6-ae0c-765435efeae7"}},"isOnPremiseConnection":false,"bypassConsent":false,"dataSets":{},"apiTier":"Standard","isCustomApiConnection":false,"actions":["Run"],"nestedActions":[{"id":"/providers/Microsoft.PowerApps/apis/shared_sharepointonline/apiOperations/GetItems","flowConnectionRef":"shared_sharepointonline","apiName":"SharePoint","actionName":"GetItems","referencedResources":[{"key":"site","value":"https://unistarcreditph.sharepoint.com"},{"key":"list","value":"a64f2491-1a1f-423d-857b-fd6bf610c09e"},{"key":"site","value":"https://unistarcreditph.sharepoint.com"},{"key":"list","value":"f0d881d1-668d-4642-8e88-588d8d62e870"}]},{"id":"/providers/Microsoft.PowerApps/apis/shared_sharepointonline/apiOperations/PatchItem","flowConnectionRef":"shared_sharepointonline","apiName":"SharePoint","actionName":"PatchItem","referencedResources":[{"key":"site","value":"https://unistarcreditph.sharepoint.com"},{"key":"list","value":"a64f2491-1a1f-423d-857b-fd6bf610c09e"}]}]},"8c7c441f-10e0-4602-9ca1-1849729b0eca":{"id":"254ebe44-426d-44da-a882-a89b1210badc","displayName":"Logic flows","iconUri":"https://conn-afd-prod-endpoint-bmc9bqahasf3grgk.b01.azurefd.net/releases/v1.0.1725/1.0.1725.4004/logicflows/icon.png","dataSources":["LMS_Tool-PDF_Flow-v1.0.0"],"dependencies":["c5a10979-7933-4ba6-8a35-b4434eaaf06a","f86823c7-37c2-44f6-ae0c-765435efeae7"],"dependents":[],"parameterHints":{"workflowName":{"value":"bd48bab9-fa82-4372-b84e-97eaca33179e"},"workflowEntityId":{},"workflowDisplayName":{"value":"LMS_Tool-PDF_Flow-v1.0.0"},"c5a10979-7933-4ba6-8a35-b4434eaaf06a":{"value":"shared_onedriveforbusiness"},"f86823c7-37c2-44f6-ae0c-765435efeae7":{"value":"shared_sharepointonline"}},"parameterHintsV2":{"workflowName":{"value":"bd48bab9-fa82-4372-b84e-97eaca33179e"},"workflowEntityId":{},"workflowDisplayName":{"value":"LMS_Tool-PDF_Flow-v1.0.0"},"shared_onedriveforbusiness":{"value":"c5a10979-7933-4ba6-8a35-b4434eaaf06a"},"shared_sharepointonline":{"value":"f86823c7-37c2-44f6-ae0c-765435efeae7"}},"isOnPremiseConnection":false,"bypassConsent":false,"dataSets":{},"apiTier":"Standard","isCustomApiConnection":false,"actions":["Run"],"nestedActions":[{"id":"/providers/Microsoft.PowerApps/apis/shared_onedriveforbusiness/apiOperations/CreateFile","flowConnectionRef":"shared_onedriveforbusiness","apiName":"OneDrive for Business","actionName":"CreateFile","referencedResources":[]},{"id":"/providers/Microsoft.PowerApps/apis/shared_onedriveforbusiness/apiOperations/ConvertFile","flowConnectionRef":"shared_onedriveforbusiness","apiName":"OneDrive for Business","actionName":"ConvertFile","referencedResources":[]},{"id":"/providers/Microsoft.PowerApps/apis/shared_sharepointonline/apiOperations/CreateFile","flowConnectionRef":"shared_sharepointonline","apiName":"SharePoint","actionName":"CreateFile","referencedResources":[{"key":"site","value":"https://unistarcreditph.sharepoint.com"}]},{"id":"/providers/Microsoft.PowerApps/apis/shared_sharepointonline/apiOperations/GetFileItem","flowConnectionRef":"shared_sharepointonline","apiName":"SharePoint","actionName":"GetFileItem","referencedResources":[{"key":"site","value":"https://unistarcreditph.sharepoint.com"},{"key":"list","value":"2d0f66e3-1270-4c4a-833e-7d036eb1bf16"}]}]},"c5a10979-7933-4ba6-8a35-b4434eaaf06a":{"id":"6094f8f3-4e2f-4f77-b5b7-32a7ee5bf9e3","displayName":"OneDrive for Business","iconUri":"https://conn-afd-prod-endpoint-bmc9bqahasf3grgk.b01.azurefd.net/releases/v1.0.1732/1.0.1732.4070/onedriveforbusiness/icon.png","dataSources":[],"dependencies":[],"dependents":["8c7c441f-10e0-4602-9ca1-1849729b0eca"],"parameterHints":{},"parameterHintsV2":{},"isOnPremiseConnection":false,"bypassConsent":false,"dataSets":{},"apiTier":"Standard","isCustomApiConnection":false},"971f31c9-870b-4e10-8a99-923551b5bd50":{"id":"664e7fa3-4fa2-4369-aa29-f368b45af2af","displayName":"Office 365 Users","iconUri":"https://conn-afd-prod-endpoint-bmc9bqahasf3grgk.b01.azurefd.net/releases/v1.0.1732/1.0.1732.4070/office365users/icon.png","dataSources":["Office365Users"],"dependencies":[],"dependents":[],"parameterHints":{},"parameterHintsV2":{},"isOnPremiseConnection":false,"bypassConsent":false,"dataSets":{},"apiTier":"Standard","isCustomApiConnection":false,"actions":["SearchUser"]}},"databaseReferences":{},"almMode":"Solution","performanceOptimizationEnabled":false,"canConsumeAppPass":false,"enableModernRuntimeMode":false,"executionRestrictions":{"isTeamsOnly":false,"dataLossPreventionEvaluationResult":{"status":"Compliant","lastEvaluationDate":"2025-02-13T03:19:28.3213245Z","violations":[],"violationsByPolicy":[],"violationErrorMessage":"The app uses the following connectors: shared_sharepointonline, shared_logicflows, shared_onedriveforbusiness, shared_office365users."},"httpActionRestriction":{"appUsesSharepointHttpAction":false,"enforcementStrategy":"Legacy","evaluationTime":"2025-02-13T03:19:28.3211022Z"}}},"isAppComponentLibrary":false,"appType":"ClassicCanvasApp","appComponents":[]}}