{"name":"12786135-9c86-476c-b7d0-36026683bc8a","id":"/providers/Microsoft.Flow/flows/12786135-9c86-476c-b7d0-36026683bc8a","type":"Microsoft.Flow/flows","properties":{"apiId":"/providers/Microsoft.PowerApps/apis/shared_logicflows","displayName":"LMS_Tool-Get_LocationsAPI_City_v100","definition":{"metadata":{"workflowEntityId":null,"processAdvisorMetadata":null,"flowChargedByPaygo":null,"flowclientsuspensionreason":"None","flowclientsuspensiontime":null,"flowclientsuspensionreasondetails":null,"creator":{"id":"32cd77ef-d75e-4cd9-a94f-cb6c83ed9120","type":"User","tenantId":"131170ef-848c-4ccb-8321-c414fae6dd55"},"provisioningMethod":"FromDefinition","failureAlertSubscription":true,"clientLastModifiedTime":"2025-01-29T06:41:34.2071348Z","connectionKeySavedTimeKey":"2025-01-29T06:24:48.1860777Z"},"$schema":"https://schema.management.azure.com/providers/Microsoft.Logic/schemas/2016-06-01/workflowdefinition.json#","contentVersion":"1.0.0.0","parameters":{"$authentication":{"defaultValue":{},"type":"SecureObject"}},"triggers":{"manual":{"metadata":{"operationMetadataId":"c5ba3dcf-a2e0-4fa4-b14e-39a46755f111"},"type":"Request","kind":"PowerAppV2","inputs":{"schema":{"type":"object","properties":{"text":{"title":"Province_Ref","type":"string","x-ms-dynamically-added":true,"description":"Please enter your input","x-ms-content-hint":"TEXT"}},"required":["text"]}}}},"actions":{"HTTP_:_Get_Provinces":{"runAfter":{},"metadata":{"operationMetadataId":"6aef1adf-fab3-4016-9a55-fb5ee0711ce9"},"type":"Http","inputs":{"method":"POST","uri":"https://apigee-dev.unistarcredit.com.ph/ucfc-fis-web-lms/CustomApi/InvokeJson","body":{"AiiMethodName":"AII_MAPP_GET_CITIES","ParameterValues":{"PROVINCE_NAME":"@{triggerBody()['text']}"}},"authentication":{"type":"Basic","username":"LMSadmin","password":"LMS@dmin"}}},"Compose":{"runAfter":{"HTTP_:_Get_Provinces":["Succeeded"]},"metadata":{"operationMetadataId":"61d96f84-5cfb-4730-a1c5-02dab95c27a9"},"type":"Compose","inputs":"@body('HTTP_:_Get_Provinces')"},"Parse_JSON":{"runAfter":{"Compose":["Succeeded"]},"metadata":{"operationMetadataId":"7a2ab198-35ae-4c31-9a46-d6142c15ae1f"},"type":"ParseJson","inputs":{"content":"@outputs('Compose')","schema":{"type":"object","properties":{"Data":{"type":"object","properties":{"$type":{"type":"string"},"IsSuccessful":{"type":"boolean"},"Response":{"type":"object","properties":{"success":{"type":"boolean"},"data":{"type":"array","items":{"type":"string"}}}}}},"Errors":{"type":"array"},"Infos":{"type":"array"},"Warnings":{"type":"array"},"$type":{"type":"string"},"$dataType":{"type":"string"}}}}},"Respond_to_a_Power_App_or_flow":{"runAfter":{"Compose_3":["Succeeded"]},"metadata":{"operationMetadataId":"81d992ca-0b44-4c64-86bb-7876dfc24119"},"type":"Response","kind":"PowerApp","inputs":{"statusCode":200,"body":{"city_values":"@{outputs('Compose_3')}"},"schema":{"type":"object","properties":{"city_values":{"title":"City_Values","x-ms-dynamically-added":true,"type":"string"}}}}},"Compose_2":{"runAfter":{"Parse_JSON":["Succeeded"]},"metadata":{"operationMetadataId":"b9464d31-cbcf-45e7-a3db-11c3b839f413"},"type":"Compose","inputs":"@body('Parse_JSON')?['Data']?['Response']"},"Compose_3":{"runAfter":{"Compose_2":["Succeeded"]},"metadata":{"operationMetadataId":"f0a281ec-9010-44dd-a0eb-fa8ca8c756aa"},"type":"Compose","inputs":"@outputs('Compose_2')"}}},"connectionReferences":{},"flowFailureAlertSubscribed":false,"isManaged":false}}